{
  "timestamp": "2026-03-08 13:51:50",
  "configuration": {
    "activities": [
      "standing",
      "walking",
      "jumping",
      "still"
    ],
    "sampling_rate_hz": 100.0,
    "window_size_samples": 50,
    "n_states": 4
  },
  "training": {
    "n_training_samples": 1110,
    "n_test_samples": 278,
    "n_features": 130
  },
  "test_accuracy": 0.6510791366906474,
  "per_activity_metrics": {
    "standing": {
      "sensitivity": 0.05333333333333334,
      "specificity": 0.9408866995073891,
      "n_samples": 75
    },
    "walking": {
      "sensitivity": 0.8493150684931506,
      "specificity": 0.9560975609756097,
      "n_samples": 73
    },
    "jumping": {
      "sensitivity": 0.78125,
      "specificity": 0.9813084112149533,
      "n_samples": 64
    },
    "still": {
      "sensitivity": 0.9848484848484849,
      "specificity": 0.660377358490566,
      "n_samples": 66
    }
  },
  "unseen_data_accuracy": 0.39285714285714285
}